{"stats":{"minecraft:custom":{"minecraft:jump":529,"minecraft:time_since_rest":68935,"minecraft:damage_taken":330,"minecraft:play_one_minute":71088,"minecraft:crouch_one_cm":1647,"minecraft:leave_game":3,"minecraft:time_since_death":68883,"minecraft:sprint_one_cm":44237,"minecraft:walk_one_cm":190754,"minecraft:walk_on_water_one_cm":1132,"minecraft:deaths":1,"minecraft:sneak_time":1836,"minecraft:climb_one_cm":428,"minecraft:walk_under_water_one_cm":420,"minecraft:fall_one_cm":10669,"minecraft:fly_one_cm":22866}},"DataVersion":2227}